PO Number,Item Name,Part Number,Description,Color,Quantity
PO-77314,Wireless Microphone,PN-157184,High quality component,Gray,1
PO-45971,Matrix Switch,PN-899356,Designed for rack mounting,Charcoal,15
PO-86977,Rack Shelf,PN-115567,Optimized for conference rooms,Beige,17
PO-64118,HDBaseT Extender,PN-125965,Low latency audio processing,Blue,4
PO-76221,Touch Panel,PN-989179,Durable construction,Beige,23
PO-73842,AV Receiver,PN-193908,Compact design,Black,22
PO-43489,Video Switcher,PN-863337,Compact design,Charcoal,25
PO-64349,Audio Amplifier,PN-480387,High quality component,White,8
PO-25087,AV Receiver,PN-465023,Professional-grade AV part,Black,15
PO-62791,Display Panel,PN-413515,Ideal for corporate installations,Silver,4
PO-65518,Audio Amplifier,PN-187681,Durable construction,Beige,11
PO-86429,Projector Mount,PN-464703,High quality component,White,23
PO-95575,AV Receiver,PN-923033,Professional-grade AV part,Charcoal,7
PO-15357,Projector Mount,PN-550125,High quality component,Beige,23
PO-61655,Rack Shelf,PN-860654,Optimized for conference rooms,Gray,18
PO-59642,Camera Mount,PN-352195,Optimized for conference rooms,Charcoal,2
PO-67503,USB Extender,PN-489423,Optimized for conference rooms,Beige,2
PO-94680,Matrix Switch,PN-660201,Professional-grade AV part,Silver,11
PO-13879,USB Extender,PN-637333,Low latency audio processing,Blue,14
PO-96399,AV Receiver,PN-964719,Designed for rack mounting,Silver,12
PO-89366,Lighting Controller,PN-337791,Compact design,Black,21
PO-64360,Projector Mount,PN-820830,Compact design,Beige,13
PO-91120,Wireless Microphone,PN-643007,High quality component,Beige,19
PO-24567,Matrix Switch,PN-792038,Low latency audio processing,Beige,20
PO-25529,Wireless Microphone,PN-834584,Professional-grade AV part,Silver,5
PO-93199,Video Switcher,PN-684253,Designed for rack mounting,White,13
PO-83758,Power Conditioner,PN-861130,Ideal for corporate installations,Charcoal,21
PO-15896,Power Conditioner,PN-788824,Supports 4K video,Silver,4
PO-44339,Wall Plate,PN-523139,Energy efficient model,Black,15
PO-74920,CAT6 Cable,PN-907633,Supports 4K video,Gray,4
PO-76441,Ceiling Speaker,PN-648232,Low latency audio processing,Black,4
PO-32434,Rack Shelf,PN-196290,Professional-grade AV part,Beige,22
PO-42768,CAT6 Cable,PN-193967,Low latency audio processing,White,25
PO-23384,CAT6 Cable,PN-333702,Low latency audio processing,Charcoal,18
PO-55623,Soundbar,PN-770941,Professional-grade AV part,Black,12
PO-14710,CAT6 Cable,PN-531783,Supports 4K video,Silver,22
PO-15109,Touch Panel,PN-323621,Low latency audio processing,Charcoal,2
PO-63365,Camera Mount,PN-151850,Durable construction,Gray,25
PO-22853,Video Switcher,PN-257948,Designed for rack mounting,Gray,8
PO-74710,Ceiling Speaker,PN-617897,Optimized for conference rooms,White,6
PO-31682,USB Extender,PN-199511,Ideal for corporate installations,Blue,21
PO-56580,Matrix Switch,PN-479588,Compact design,White,7
PO-48278,Power Conditioner,PN-787104,Designed for rack mounting,Black,22
PO-66621,USB Extender,PN-355488,Compact design,Gray,25
PO-91803,HDMI Cable,PN-876514,Durable construction,Charcoal,4
PO-99771,Power Conditioner,PN-710506,Ideal for corporate installations,Blue,1
PO-32120,Power Conditioner,PN-715204,Energy efficient model,Charcoal,18
PO-11615,HDBaseT Extender,PN-234858,Durable construction,Black,12
PO-82666,Video Switcher,PN-859600,Ideal for corporate installations,White,21
PO-50082,Video Switcher,PN-973458,Compact design,White,5
PO-92775,Wireless Microphone,PN-168716,Energy efficient model,Blue,13
PO-30691,Display Panel,PN-494581,Optimized for conference rooms,White,2
PO-76588,Lighting Controller,PN-953243,Durable construction,White,14
PO-64389,Video Switcher,PN-861856,Professional-grade AV part,Beige,15
PO-73789,USB Extender,PN-691552,Durable construction,White,1
PO-92049,CAT6 Cable,PN-660582,Ideal for corporate installations,Beige,18
PO-36634,Ceiling Speaker,PN-607101,Energy efficient model,Gray,15
PO-60596,Power Conditioner,PN-239500,Ideal for corporate installations,Gray,6
PO-48926,CAT6 Cable,PN-518240,Optimized for conference rooms,Beige,12
PO-54995,Wireless Microphone,PN-233894,Durable construction,Beige,13
PO-57226,Lighting Controller,PN-354191,Designed for rack mounting,Blue,21
PO-48330,HDMI Cable,PN-178766,Compact design,Blue,4
PO-47219,Video Switcher,PN-145139,High quality component,Black,13
PO-16126,Display Panel,PN-923646,Optimized for conference rooms,Beige,7
PO-47784,Audio Amplifier,PN-192673,Low latency audio processing,White,9
PO-19743,Power Conditioner,PN-886857,Supports 4K video,Black,21
PO-87769,Control Processor,PN-201855,Durable construction,White,22
PO-72906,Wireless Microphone,PN-516798,Professional-grade AV part,Blue,1
PO-20133,Ceiling Speaker,PN-219204,Designed for rack mounting,Blue,14
PO-15531,CAT6 Cable,PN-524127,Energy efficient model,Gray,17
PO-15744,CAT6 Cable,PN-781666,Professional-grade AV part,Gray,5
PO-98377,Wall Plate,PN-791880,Energy efficient model,Beige,21
PO-97772,Touch Panel,PN-151700,Designed for rack mounting,Silver,19
PO-15898,Wall Plate,PN-103030,Optimized for conference rooms,Black,19
PO-41809,Rack Shelf,PN-374955,Ideal for corporate installations,Gray,15
PO-84840,Wireless Microphone,PN-288500,Durable construction,Black,12
PO-67503,Audio Amplifier,PN-888010,Professional-grade AV part,Black,19
PO-55423,Rack Shelf,PN-127190,High quality component,Black,2
PO-54766,HDBaseT Extender,PN-794916,Compact design,Beige,5
PO-11902,Matrix Switch,PN-629409,Compact design,Gray,9
PO-24906,CAT6 Cable,PN-385244,Compact design,Charcoal,11
PO-14092,CAT6 Cable,PN-227405,Professional-grade AV part,Charcoal,12
PO-94375,AV Receiver,PN-127575,Designed for rack mounting,Beige,8
PO-94429,Matrix Switch,PN-316343,Supports 4K video,Black,16
PO-53303,HDBaseT Extender,PN-526607,Ideal for corporate installations,Beige,14
PO-72491,Wireless Microphone,PN-861743,Low latency audio processing,White,7
PO-89112,CAT6 Cable,PN-175875,Professional-grade AV part,Charcoal,12
PO-68163,Display Panel,PN-171039,Optimized for conference rooms,Beige,14
PO-50726,Control Processor,PN-311226,Supports 4K video,Silver,16
PO-28790,Power Conditioner,PN-885199,Ideal for corporate installations,Charcoal,10
PO-88631,Touch Panel,PN-848322,High quality component,Black,25
PO-98784,Control Processor,PN-494705,Compact design,Charcoal,4
PO-77265,Lighting Controller,PN-765746,Supports 4K video,Beige,5
PO-33133,USB Extender,PN-727042,Optimized for conference rooms,Silver,19
PO-22322,Lighting Controller,PN-230526,Designed for rack mounting,Blue,18
PO-10337,Wall Plate,PN-486339,Durable construction,Beige,12
PO-78204,HDMI Cable,PN-983503,Durable construction,Gray,3
PO-30405,HDMI Cable,PN-135180,Optimized for conference rooms,Charcoal,14
PO-85092,Video Switcher,PN-140739,Professional-grade AV part,Gray,23
PO-15737,HDMI Cable,PN-689621,Low latency audio processing,Silver,4
